Workbook

Sheet Cover
E3: THE NORWOOD FILES | H3: NF-CW3 · v2.0
B9: OFFICIAL COMPANION WORKBOOK
B11: The Norwood Files
B12: A Novel About Risk, Audit and Root Cause in a Factory That Stopped Pretending
B15: Companion to Part Three — The Investigation
B16: The forms from the book, with the rules already written into the formulas.
B21: REVISION | C21: v2.0 · NF-CW3
B22: EDITION | C22: Current to the 2026 edition of ISO 9001
B23: BASELINE | C23: Matches the omnibus first edition of The Norwood Files (build RC-Rev9)
B24: ISSUED | C24: 29 August 2026
B28: Dan Bleigh
B29: The Norwood Files

Sheet WELCOME
E2: THE NORWOOD FILES | H2: NF-CW3 · v2.0
B5: WELCOME
B7: WHAT THIS COMPANION IS FOR
B8: This workbook is the working half of Part Three of The Norwood Files. It carries the forms from the book with the rules already written into the formulas, so that the method can be run on a real process instead of read about. Its subject is investigating a defect that has come back: classifying previous investigations, containment with an expiry, separating a cause from a companion, and verifying against exposure rather than the calendar.
B15: HOW TO USE IT
B16: Work top to bottom, in sheet order. Enter your own data; the calculated columns look after themselves. Nothing in the book depends on this file — every form is printed in full in the book and can be photocopied or rebuilt by hand. This file exists because typing formulas is not a good use of your afternoon.
B21: RELATIONSHIP WITH THE BOOK
B22: The numbered sheets carry the same Form numbers as the book. Form 13 in the book is Form 13 in this file. The sheets prefixed EXAMPLE are the worked cases from the book, complete and populated, so that you can see how a row behaves before you clear it and start on your own process.
B27: READING RECOMMENDATION
B28: Read the book’s narrative chapters first, then open this file with the book beside you. If you are working to a deadline, read the EXAMPLE sheet closest to your operation, then start on your own process — and read the chapters afterwards, because the reasoning is the transferable part.
B33: CONVENTIONS USED THROUGHOUT
B34: · | C34: Blue text on cream — you type here.
B35: · | C35: Black bold — calculated. Do not overwrite.
B36: · | C36: Yellow fill — attention: a value that needs a decision.
B37: · | C37: Red ■ — a fired trigger, or a finding. Red is never used for decoration.
B40: THE SHEETS IN THIS WORKBOOK
B41: SHEET | C41: PURPOSE
B42: START HERE | C42: Orientation, order of work and the cell conventions.
B43: Form 12 Investigation | C43: The investigation record, with the previous closures classified before anything new begins.
B44: Form 13 Candidates | C44: Candidate causes, dated, with the observation that would confirm or kill each one.
B45: Form 14 Containment | C45: Both edges bounded by evidence, with an expiry date rather than a review date.
B46: Form 15 Measurement Study | C46: The attribute agreement study: repeatability, reproducibility, and agreement with a truth where one exists.
B47: Form 16 Corrective Action | C47: Action, hierarchy level, and a verification period set from the defect’s own recurrence history.
B48: Dashboard | C48: Investigation status and verification exposure.
B49: EXAMPLE A Recurring defect | C49: Worked investigation: a defect closed three times. Complete, from the book.
B50: EXAMPLE B Intermittent failure | C50: Worked investigation: an intermittent failure. Complete, from the book.
B51: EXAMPLE C Disputed complaint | C51: Worked investigation: a disputed customer complaint. Complete, from the book.
B52: About | C52: Instrument identity, document code and control status.
B55: OFFICIAL COMPANION RESOURCES
B56: The official repository holds this workbook, the other Companions in the series, and any corrected or updated revisions. There is nothing to sign up for and no address to leave.
B60: ‹ PH-01 · Companion download address — to be inserted before publication. NF-CIP §5. ›
B63: QR CODE RESERVED ‹ PH-02 › | E63: When the repository is published, the address and its QR code are placed here, and in Appendix B of the book. Until then this space is deliberately left blank rather than filled with an address that does not yet resolve. See the traceability table in NF-CIP §5.

Sheet LICENCE
E2: THE NORWOOD FILES | H2: NF-CW3 · v2.0
B5: LICENCE AND VERSION
B7: PUBLICATION INFORMATION
B8: PRODUCT | D8: Official Companion Workbook
B9: TITLE | D9: The Norwood Files — Companion to Part Three
B10: COMPANION TO | D10: The Norwood Files
B11: DOCUMENT CODE | D11: NF-CW3
B12: REVISION | D12: v2.0
B13: PUBLICATION VERSION | D13: v2.0 · issued 29 August 2026
B14: EDITION | D14: Current to the 2026 edition of ISO 9001
B15: EDITORIAL BASELINE | D15: RC-Rev9
B16: IDENTITY | D16: Norwood Brand Standards Manual v1.0
B17: AUTHOR | D17: Dan Bleigh
B20: REPOSITORY
B21: ‹ PH-01 · Companion download address — to be inserted before publication. NF-CIP §5. ›
B23: TERMS OF USE
B24: Copyright © 2026 Dan Bleigh. All rights reserved.
B27: This workbook accompanies The Norwood Files and is supplied free of charge with the book. You may use it, adapt it and reproduce it inside your own organization for your own quality management system.
B31: You may not resell it, redistribute it as your own work, or present it as a certified or accredited document.
B34: The forms are offered as general professional guidance. They do not constitute legal, regulatory, safety or certification advice, and no warranty is given as to any particular audit outcome.
B38: ISO 9001 is an International Standard published by the International Organization for Standardization. This workbook is independent commentary and is not published, endorsed, sponsored or authorized by ISO, by any national standards body, or by any certification or accreditation body.
B46: Controlled document. Changes to this instrument follow the Norwood Brand Standards Manual Part XII and NF-ECP 4.6.

Sheet START HERE
A1: THE NORWOOD FILES — PART THREE COMPANION
A2: The forms from Part Five. Free, no sign-up. Everything here is also printed in the book.
A4: WHAT THIS IS
B5: The investigation record, candidate register, containment record, attribute measurement study and corrective action record from Part Five, plus the three worked investigations from Part Three.
B6: Nothing in the book depends on this file. Every form is printed in full and can be photocopied. This exists because counting agreement on a measurement study by hand is how people decide not to run one.
A7: ORDER OF WORK
B8: 1. Open 'Form 12 Investigation'. Fill the previous-occurrence rows first. The sequence of hierarchy levels across them is the finding before you examine any evidence.
B9: 2. Fill in where the defect happens AND where it does not. Everything the two have in common is eliminated.
B10: 3. Every candidate goes on 'Form 13 Candidates' and ends killed or kept. The sheet turns red on any row left undecided.
B11: 4. 'Form 14 Containment' has an expiry date, not a review date. It turns red on the day.
B12: 5. Run 'Form 15 Measurement Study' before trusting any pass/fail data at all.
B13: 6. 'Form 16 Corrective Action' calculates the minimum verification period from the defect’s own recurrence history.
A14: WHAT THE FILE ENFORCES
B15: A candidate left undecided is flagged. A stated cause with no evidence line is flagged. A verification period shorter than twice the longest previous gap is flagged. Those three are the ways a repeat defect gets closed for the fourth time.
A16: CAPACITY
B17: 60 investigations, 300 candidate rows. Formulas are in place on every row, so type into the next empty line and everything recalculates. Blank rows stay blank.
A18: THE EXAMPLES
B19: The three sheets prefixed EXAMPLE are the worked investigations from Part Three, with every candidate and the evidence that killed or kept it. Read the candidate register rather than the conclusion. The conclusions belong to a plant that is not yours.
A20: CELL COLORS
B21: Blue text on cream = you type here. Black bold = calculated, do not overwrite.
A22: THE SILENT EXPIRY WEBSITE
B23: Explore the complete framework: the canonical definition of Silent Expiry, the documented evidence behind it, and a fifty-two article curriculum. Free to read, nothing to sign up for.
B24: https://silent-expiry.pages.dev/
A26: The Norwood Files · Companion to Part Three · v2.0 · issued 29 August 2026 · matches the omnibus first edition (build RC-Rev9)

Sheet Form 12 Investigation
A1: INVESTIGATION RECORD
A2: Fill the previous-occurrence rows first. The sequence of action levels is the finding.
A4: Ref | B4: Symptom | C4: Raised | D4: Previous refs | E4: Levels of previous actions | F4: Defect actually began | G4: Evidence for that date | H4: Status
A65: END OF FORM—rows below this line are not included in any calculation
A67: A sequence of hierarchy levels that descends across successive investigations of the same defect—3, then 4, then 5—means the cause has never been touched. That is visible in twenty minutes with the closed files, before any new evidence is examined.

Sheet Form 13 Candidates
A1: CANDIDATE REGISTER
A2: Every candidate ends killed or kept. A row left undecided is flagged—that is the one that brings the defect back.
A4: Ref | B4: Investigation | C4: Candidate cause | D4: Killed / kept | E4: Date this candidate began | F4: Evidence | G4: Check
G5: =IF(C5="","",IF(D5="","UNDECIDED",IF(F5="","NO EVIDENCE","")))
G6: =IF(C6="","",IF(D6="","UNDECIDED",IF(F6="","NO EVIDENCE","")))
G7: =IF(C7="","",IF(D7="","UNDECIDED",IF(F7="","NO EVIDENCE","")))
G8: =IF(C8="","",IF(D8="","UNDECIDED",IF(F8="","NO EVIDENCE","")))
G9: =IF(C9="","",IF(D9="","UNDECIDED",IF(F9="","NO EVIDENCE","")))
G10: =IF(C10="","",IF(D10="","UNDECIDED",IF(F10="","NO EVIDENCE","")))
G11: =IF(C11="","",IF(D11="","UNDECIDED",IF(F11="","NO EVIDENCE","")))
G12: =IF(C12="","",IF(D12="","UNDECIDED",IF(F12="","NO EVIDENCE","")))
G13: =IF(C13="","",IF(D13="","UNDECIDED",IF(F13="","NO EVIDENCE","")))
G14: =IF(C14="","",IF(D14="","UNDECIDED",IF(F14="","NO EVIDENCE","")))
G15: =IF(C15="","",IF(D15="","UNDECIDED",IF(F15="","NO EVIDENCE","")))
G16: =IF(C16="","",IF(D16="","UNDECIDED",IF(F16="","NO EVIDENCE","")))
... G304: =IF(C304="","",IF(D304="","UNDECIDED",IF(F304="","NO EVIDENCE","")))
A305: END OF FORM—rows below this line are not included in any calculation

Sheet Form 14 Containment
A1: CONTAINMENT RECORD
A2: An expiry date, not a review date. Containment without one becomes your process.
A4: Investigation | B4: What is contained, and quantity | C4: Expiry date | D4: Status
D5: =IF(NOT(ISNUMBER(C5)),"",IF(C5<TODAY(),"EXPIRED—STOP OR EXTEND",IF(C5<TODAY()+14,"EXPIRES SOON","RUNNING")))
D6: =IF(NOT(ISNUMBER(C6)),"",IF(C6<TODAY(),"EXPIRED—STOP OR EXTEND",IF(C6<TODAY()+14,"EXPIRES SOON","RUNNING")))
D7: =IF(NOT(ISNUMBER(C7)),"",IF(C7<TODAY(),"EXPIRED—STOP OR EXTEND",IF(C7<TODAY()+14,"EXPIRES SOON","RUNNING")))
D8: =IF(NOT(ISNUMBER(C8)),"",IF(C8<TODAY(),"EXPIRED—STOP OR EXTEND",IF(C8<TODAY()+14,"EXPIRES SOON","RUNNING")))
D9: =IF(NOT(ISNUMBER(C9)),"",IF(C9<TODAY(),"EXPIRED—STOP OR EXTEND",IF(C9<TODAY()+14,"EXPIRES SOON","RUNNING")))
D10: =IF(NOT(ISNUMBER(C10)),"",IF(C10<TODAY(),"EXPIRED—STOP OR EXTEND",IF(C10<TODAY()+14,"EXPIRES SOON","RUNNING")))
D11: =IF(NOT(ISNUMBER(C11)),"",IF(C11<TODAY(),"EXPIRED—STOP OR EXTEND",IF(C11<TODAY()+14,"EXPIRES SOON","RUNNING")))
D12: =IF(NOT(ISNUMBER(C12)),"",IF(C12<TODAY(),"EXPIRED—STOP OR EXTEND",IF(C12<TODAY()+14,"EXPIRES SOON","RUNNING")))
D13: =IF(NOT(ISNUMBER(C13)),"",IF(C13<TODAY(),"EXPIRED—STOP OR EXTEND",IF(C13<TODAY()+14,"EXPIRES SOON","RUNNING")))
D14: =IF(NOT(ISNUMBER(C14)),"",IF(C14<TODAY(),"EXPIRED—STOP OR EXTEND",IF(C14<TODAY()+14,"EXPIRES SOON","RUNNING")))
D15: =IF(NOT(ISNUMBER(C15)),"",IF(C15<TODAY(),"EXPIRED—STOP OR EXTEND",IF(C15<TODAY()+14,"EXPIRES SOON","RUNNING")))
D16: =IF(NOT(ISNUMBER(C16)),"",IF(C16<TODAY(),"EXPIRED—STOP OR EXTEND",IF(C16<TODAY()+14,"EXPIRES SOON","RUNNING")))
... D64: =IF(NOT(ISNUMBER(C64)),"",IF(C64<TODAY(),"EXPIRED—STOP OR EXTEND",IF(C64<TODAY()+14,"EXPIRES SOON","RUNNING")))
A65: END OF FORM—rows below this line are not included in any calculation
A67: One hundred percent inspection introduced in an emergency and never withdrawn is the most expensive thing a quality system does, and it never appears as a decision anywhere. On the expiry date it stops, or somebody with authority extends it in writing with a reason.

Sheet Form 15 Measurement Study
A1: ATTRIBUTE MEASUREMENT STUDY
A2: Ten parts, identifiers covered, two graders, two rounds each in different random orders.
A4: Part | B4: Grader A · round 1 | C4: Grader A · round 2 | D4: Grader B · round 1 | E4: Grader B · round 2 | F4: A self-agrees | G4: B self-agrees | H4: Agreement
A5: A | F5: =IF(OR(B5="",C5=""),"",IF(EXACT(B5,C5),"yes","NO")) | G5: =IF(OR(D5="",E5=""),"",IF(EXACT(D5,E5),"yes","NO")) | H5: =IF(OR(F5="",G5=""),"",IF(OR(F5="NO",G5="NO"),"grader disagrees with herself",IF(EXACT(B5,D5),"all agree","graders disagree")))
A6: B | F6: =IF(OR(B6="",C6=""),"",IF(EXACT(B6,C6),"yes","NO")) | G6: =IF(OR(D6="",E6=""),"",IF(EXACT(D6,E6),"yes","NO")) | H6: =IF(OR(F6="",G6=""),"",IF(OR(F6="NO",G6="NO"),"grader disagrees with herself",IF(EXACT(B6,D6),"all agree","graders disagree")))
A7: C | F7: =IF(OR(B7="",C7=""),"",IF(EXACT(B7,C7),"yes","NO")) | G7: =IF(OR(D7="",E7=""),"",IF(EXACT(D7,E7),"yes","NO")) | H7: =IF(OR(F7="",G7=""),"",IF(OR(F7="NO",G7="NO"),"grader disagrees with herself",IF(EXACT(B7,D7),"all agree","graders disagree")))
A8: D | F8: =IF(OR(B8="",C8=""),"",IF(EXACT(B8,C8),"yes","NO")) | G8: =IF(OR(D8="",E8=""),"",IF(EXACT(D8,E8),"yes","NO")) | H8: =IF(OR(F8="",G8=""),"",IF(OR(F8="NO",G8="NO"),"grader disagrees with herself",IF(EXACT(B8,D8),"all agree","graders disagree")))
A9: E | F9: =IF(OR(B9="",C9=""),"",IF(EXACT(B9,C9),"yes","NO")) | G9: =IF(OR(D9="",E9=""),"",IF(EXACT(D9,E9),"yes","NO")) | H9: =IF(OR(F9="",G9=""),"",IF(OR(F9="NO",G9="NO"),"grader disagrees with herself",IF(EXACT(B9,D9),"all agree","graders disagree")))
A10: F | F10: =IF(OR(B10="",C10=""),"",IF(EXACT(B10,C10),"yes","NO")) | G10: =IF(OR(D10="",E10=""),"",IF(EXACT(D10,E10),"yes","NO")) | H10: =IF(OR(F10="",G10=""),"",IF(OR(F10="NO",G10="NO"),"grader disagrees with herself",IF(EXACT(B10,D10),"all agree","graders disagree")))
A11: G | F11: =IF(OR(B11="",C11=""),"",IF(EXACT(B11,C11),"yes","NO")) | G11: =IF(OR(D11="",E11=""),"",IF(EXACT(D11,E11),"yes","NO")) | H11: =IF(OR(F11="",G11=""),"",IF(OR(F11="NO",G11="NO"),"grader disagrees with herself",IF(EXACT(B11,D11),"all agree","graders disagree")))
A12: H | F12: =IF(OR(B12="",C12=""),"",IF(EXACT(B12,C12),"yes","NO")) | G12: =IF(OR(D12="",E12=""),"",IF(EXACT(D12,E12),"yes","NO")) | H12: =IF(OR(F12="",G12=""),"",IF(OR(F12="NO",G12="NO"),"grader disagrees with herself",IF(EXACT(B12,D12),"all agree","graders disagree")))
A13: I | F13: =IF(OR(B13="",C13=""),"",IF(EXACT(B13,C13),"yes","NO")) | G13: =IF(OR(D13="",E13=""),"",IF(EXACT(D13,E13),"yes","NO")) | H13: =IF(OR(F13="",G13=""),"",IF(OR(F13="NO",G13="NO"),"grader disagrees with herself",IF(EXACT(B13,D13),"all agree","graders disagree")))
A14: J | F14: =IF(OR(B14="",C14=""),"",IF(EXACT(B14,C14),"yes","NO")) | G14: =IF(OR(D14="",E14=""),"",IF(EXACT(D14,E14),"yes","NO")) | H14: =IF(OR(F14="",G14=""),"",IF(OR(F14="NO",G14="NO"),"grader disagrees with herself",IF(EXACT(B14,D14),"all agree","graders disagree")))
A16: RESULT
A17: Grader A agrees with herself | C17: =IF(COUNTA(B5:E14)=0,"",COUNTIF(F5:F14,"yes")&" of "&SUMPRODUCT(--(F5:F14<>""))) | D17: Repeatability. Below 9 of 10, a single reading cannot be relied on.
A18: Grader B agrees with herself | C18: =IF(COUNTA(B5:E14)=0,"",COUNTIF(G5:G14,"yes")&" of "&SUMPRODUCT(--(G5:G14<>""))) | D18: Repeatability of the second grader. Both are rated, not one.
A19: Graders agree with each other | C19: =IF(COUNTA(B5:E14)=0,"",(SUMPRODUCT(--(H5:H14<>""))-COUNTIF(H5:H14,"graders disagree"))&" of "&SUMPRODUCT(--(H5:H14<>""))) | D19: Reproducibility. Materially worse than self-agreement means the difference is a person.
A20: Agreement with a reference | D20: If no reference standard exists, that is itself the finding.

Sheet Form 16 Corrective Action
A1: ROOT CAUSE AND CORRECTIVE ACTION
A2: The verification period is calculated from the defect’s own recurrence history, not from the procedure.
A4: Ref | B4: Root cause—what, when, why reasonable then, what changed | C4: How we know (comparison, negative case) | D4: Corrective action | E4: Level | F4: Longest previous gap (months) | G4: Minimum verification (months) | H4: Check
G5: =IF(NOT(ISNUMBER(F5)),"",F5*2) | H5: =IF(B5="","",IF(C5="","NO EVIDENCE LINE",IF(LEFT(E5,1)="5","LEVEL 5 ONLY","")))
G6: =IF(NOT(ISNUMBER(F6)),"",F6*2) | H6: =IF(B6="","",IF(C6="","NO EVIDENCE LINE",IF(LEFT(E6,1)="5","LEVEL 5 ONLY","")))
G7: =IF(NOT(ISNUMBER(F7)),"",F7*2) | H7: =IF(B7="","",IF(C7="","NO EVIDENCE LINE",IF(LEFT(E7,1)="5","LEVEL 5 ONLY","")))
G8: =IF(NOT(ISNUMBER(F8)),"",F8*2) | H8: =IF(B8="","",IF(C8="","NO EVIDENCE LINE",IF(LEFT(E8,1)="5","LEVEL 5 ONLY","")))
G9: =IF(NOT(ISNUMBER(F9)),"",F9*2) | H9: =IF(B9="","",IF(C9="","NO EVIDENCE LINE",IF(LEFT(E9,1)="5","LEVEL 5 ONLY","")))
G10: =IF(NOT(ISNUMBER(F10)),"",F10*2) | H10: =IF(B10="","",IF(C10="","NO EVIDENCE LINE",IF(LEFT(E10,1)="5","LEVEL 5 ONLY","")))
G11: =IF(NOT(ISNUMBER(F11)),"",F11*2) | H11: =IF(B11="","",IF(C11="","NO EVIDENCE LINE",IF(LEFT(E11,1)="5","LEVEL 5 ONLY","")))
G12: =IF(NOT(ISNUMBER(F12)),"",F12*2) | H12: =IF(B12="","",IF(C12="","NO EVIDENCE LINE",IF(LEFT(E12,1)="5","LEVEL 5 ONLY","")))
G13: =IF(NOT(ISNUMBER(F13)),"",F13*2) | H13: =IF(B13="","",IF(C13="","NO EVIDENCE LINE",IF(LEFT(E13,1)="5","LEVEL 5 ONLY","")))
G14: =IF(NOT(ISNUMBER(F14)),"",F14*2) | H14: =IF(B14="","",IF(C14="","NO EVIDENCE LINE",IF(LEFT(E14,1)="5","LEVEL 5 ONLY","")))
G15: =IF(NOT(ISNUMBER(F15)),"",F15*2) | H15: =IF(B15="","",IF(C15="","NO EVIDENCE LINE",IF(LEFT(E15,1)="5","LEVEL 5 ONLY","")))
G16: =IF(NOT(ISNUMBER(F16)),"",F16*2) | H16: =IF(B16="","",IF(C16="","NO EVIDENCE LINE",IF(LEFT(E16,1)="5","LEVEL 5 ONLY","")))
... G64: =IF(NOT(ISNUMBER(F64)),"",F64*2) | H64: =IF(B64="","",IF(C64="","NO EVIDENCE LINE",IF(LEFT(E64,1)="5","LEVEL 5 ONLY","")))
A65: END OF FORM—rows below this line are not included in any calculation

Sheet Dashboard
A1: INVESTIGATION DASHBOARD
A2: Calculated live from the forms. Nothing on this sheet is typed.
A4: INVESTIGATIONS | C4: STILL OPEN | E4: UNDECIDED CANDIDATES | G4: CAUSES WITH NO EVIDENCE | I4: CONTAINMENT EXPIRED
A5: =COUNTA('Form 12 Investigation'!A5:A64) | C5: =COUNTIF('Form 12 Investigation'!H5:H64,"open") | E5: =COUNTIF('Form 13 Candidates'!G5:G304,"UNDECIDED") | G5: =COUNTIF('Form 16 Corrective Action'!H5:H64,"NO EVIDENCE LINE") | I5: =COUNTIF('Form 14 Containment'!D5:D64,"EXPIRED*")
A7: recorded | C7: cause not identified | E7: should be zero | G7: should be zero | I7: stop or extend today
A42: Three numbers should read zero. Undecided candidates, because an abandoned candidate is the one that brings the defect back. Causes with no evidence line, because a plausible cause is not a cause. And expired containment, because containment that survives without a decision has become your process. The hierarchy chart is the fourth: a plant whose actions cluster at levels 4 and 5 is reducing escape, not risk.
A46: CHART SOURCE DATA—calculated, do not overwrite
A47: Action level | B47: Actions
A48: 5 Procedure | B48: =COUNTIF('Form 16 Corrective Action'!$E$5:$E$64,"5*")
A49: 4 Detection | B49: =COUNTIF('Form 16 Corrective Action'!$E$5:$E$64,"4*")
A50: 3 Automate control | B50: =COUNTIF('Form 16 Corrective Action'!$E$5:$E$64,"3*")
A51: 2 Error-proof | B51: =COUNTIF('Form 16 Corrective Action'!$E$5:$E$64,"2*")
A52: 1 Eliminate cause | B52: =COUNTIF('Form 16 Corrective Action'!$E$5:$E$64,"1*")
A54: Candidate outcome | B54: Count
A55: Killed | B55: =COUNTIF('Form 13 Candidates'!$D$5:$D$304,"killed")
A56: Kept | B56: =COUNTIF('Form 13 Candidates'!$D$5:$D$304,"kept")
A59: Investigation status | B59: Count
A60: open | B60: =COUNTIF('Form 12 Investigation'!$H$5:$H$64,"open")
A61: cause identified | B61: =COUNTIF('Form 12 Investigation'!$H$5:$H$64,"cause identified")
A62: action in place | B62: =COUNTIF('Form 12 Investigation'!$H$5:$H$64,"action in place")
A63: verifying | B63: =COUNTIF('Form 12 Investigation'!$H$5:$H$64,"verifying")
A64: closed | B64: =COUNTIF('Form 12 Investigation'!$H$5:$H$64,"closed")

Sheet EXAMPLE A Recurring defect
A1: EXAMPLE A RECURRING DEFECT
A2: Worked investigation from Part Three of the book. Read, do not edit.
A4: Symptom | B4: Bore surface banding, 4th occurrence in 14 months, three previous investigations closed
A6: Candidate cause | B6: Killed / kept | C6: Evidence
A7: Coolant condition | B7: killed | C7: Both cells run off one system. 19 occurrences on cell two, 0 on cell four.
A8: Casting quality alone | B8: killed | C8: Same pallets feed both cells on the same days.
A9: Inspection or grading | B9: killed | C9: Same two graders inspect both cells. Retained as a separate finding.
A10: Setter competence | B10: killed | C10: Both setters work both cells in rotation. Defect follows the machine.
A11: Spindle rebuild on cell two | B11: killed | C11: Cell four had the same rebuild 3 months later. 900 housings, 11 expected, 0 found.
A12: Insert wear | B12: killed | C12: Occurrences spread across tool life, not clustered at the end.
A13: Feed 0.12 vs process sheet 0.18 | B13: kept | C13: Cell two runs 0.12, cell four runs 0.18. Only difference surviving every comparison.
A14: Incoming hardness increase | B14: kept | C14: Foundry melt practice changed 13 months ago. Timing matches defect onset.

Sheet EXAMPLE B Intermittent failure
A1: EXAMPLE B INTERMITTENT FAILURE
A2: Worked investigation from Part Three of the book. Read, do not edit.
A4: Symptom | B4: Cylinder assemblies failing a pressure test at 1 in 40, then passing on retest with no intervention
A6: Candidate cause | B6: Killed / kept | C6: Evidence
A7: Operator | B7: killed | C7: Failures spread across all four builders in proportion to volume.
A8: Day of week | B8: killed | C8: No pattern across 14 weeks.
A9: Time of day | B9: kept | C9: 31 of 34 failures occurred before 09:20.
A10: Ambient temperature | B10: kept | C10: Every failure occurred at a rig temperature below 14 C.
A11: Time since rig last used | B11: kept | C11: Every failure was the first or second test after a break of over 8 hours.
A12: Rig gland seals at low temperature | B12: kept | C12: Deliberate trial: rig warmed 20 min on 4 days. 0 failures in 62 units against 3 in 58.

Sheet EXAMPLE C Disputed complaint
A1: EXAMPLE C DISPUTED COMPLAINT
A2: Worked investigation from Part Three of the book. Read, do not edit.
A4: Symptom | B4: Customer rejects two parts that the plant’s own final inspection passed the same week
A6: Candidate cause | B6: Killed / kept | C6: Evidence
A7: Product defect | B7: killed | C7: Both returned parts fall in the marginal grading band; neither is unambiguous.
A8: Grader competence | B8: killed | C8: One grader is repeatable at 10 of 10. The method, not the person, lacks resolution.
A9: Absence of a numeric limit | B9: kept | C9: Characteristic judged against a boundary sample by eye, no lighting condition, no reference standard.
A10: Read-across | B10: kept | C10: 11 characteristics across 4 part families assessed by the same method, none studied.

Sheet About
B6: THE NORWOOD FILES
B7: Companion to Part Three
B9: Document code: NF-CW3 · Identity: NBSM v1.0 · Baseline: RC-Rev9 · Issued 29 August 2026
B11: This workbook is part of The Norwood Files ecosystem — business novels and working instruments for the people who run quality in manufacturing, written for ISO 9001 and current to the 2026 edition.
B13: The Register Mark — one line, one red square: the process, and the record found in it. In every Norwood chart and register, red means exactly one thing: the finding.
B15: Cell conventions: blue text = your inputs · black = calculated · yellow fill = attention · red ■ = fired trigger/finding.
B17: Controlled document. Changes to this instrument follow the Norwood Brand Standards Manual Part XII and NF-ECP 4.6.
