Workbook

Sheet Cover
E3: THE NORWOOD FILES | H3: NF-CW2 · v1.0
B9: OFFICIAL COMPANION WORKBOOK
B11: Nothing to Report
B12: A Novel About Internal Audit, Evidence and the Questions Nobody Wrote Down
B15: Companion to Book Two
B16: The forms from the book, with the rules already written into the formulas.
B21: REVISION | C21: v1.0 · NF-CW2
B22: EDITION | C22: Current to the 2026 edition of ISO 9001
B23: BASELINE | C23: Matches the first edition of the book (Editorial Baseline EBL-3.1)
B24: ISSUED | C24: 22 August 2026
B28: Dan Bleigh
B29: The Norwood Files

Sheet WELCOME
E2: THE NORWOOD FILES | H2: NF-CW2 · v1.0
B5: WELCOME
B7: WHAT THIS COMPANION IS FOR
B8: This workbook is the working half of Book Two of The Norwood Files. It carries the forms from the book with the rules already written into the formulas, so that the method can be run on a real process instead of read about. Its subject is building an internal audit programme from risk rather than from the table of contents: scheduling, trails, sampling, findings that survive appeal, and closure.
B14: HOW TO USE IT
B15: Work top to bottom, in sheet order. Enter your own data; the calculated columns look after themselves. Nothing in the book depends on this file — every form is printed in full in the book and can be photocopied or rebuilt by hand. This file exists because typing formulas is not a good use of your afternoon.
B20: RELATIONSHIP WITH THE BOOK
B21: The numbered sheets carry the same Form numbers as the book. Form 3 in the book is Form 3 in this file. The sheets prefixed EXAMPLE are the worked cases from the book, complete and populated, so that you can see how a row behaves before you clear it and start on your own process.
B26: READING RECOMMENDATION
B27: Read the book’s narrative chapters first, then open this file with the book beside you. If you are working to a deadline, read the EXAMPLE sheet closest to your operation, then start on your own process — and read the chapters afterwards, because the reasoning is the transferable part.
B32: CONVENTIONS USED THROUGHOUT
B33: · | C33: Blue text on cream — you type here.
B34: · | C34: Black bold — calculated. Do not overwrite.
B35: · | C35: Yellow fill — attention: a value that needs a decision.
B36: · | C36: Red ■ — a fired trigger, or a finding. Red is never used for decoration.
B39: THE SHEETS IN THIS WORKBOOK
B40: SHEET | C40: PURPOSE
B41: START HERE | C41: Orientation, order of work and the cell conventions.
B42: Form 1 Audit Program | C42: The annual programme built from the register and the nonconformance log, with a “why now” against every row.
B43: Form 2 Audit Plan | C43: Scope, criteria and notice for a single audit.
B44: Form 3 Trail Record | C44: One item followed forward and backward, with the hole recorded where it is found.
B45: Form 4 Sample Record | C45: How the sample was chosen — written before the cabinet is opened.
B46: Form 5 Finding Register | C46: Requirement, evidence, gap. No name, no department, no recommendation.
B47: Form 6 Closure Verification | C47: Verified by somebody who is not the auditor and not the auditee.
B48: Dashboard | C48: Programme coverage and finding status.
B49: EXAMPLE A Goods-in | C49: Worked audit: goods-in and incoming verification. Complete, from the book.
B50: EXAMPLE B Machining cell | C50: Worked audit: a machining cell. Complete, from the book.
B51: EXAMPLE C Management review | C51: Worked audit: management review, audited upward. Complete, from the book.
B52: About | C52: Instrument identity, document code and control status.
B55: OFFICIAL COMPANION RESOURCES
B56: The official repository holds this workbook, the other Companions in the series, and any corrected or updated revisions. There is nothing to sign up for and no address to leave.
B60: ‹ PH-01 · Companion download address — to be inserted before publication. NF-CIP §5. ›
B63: QR CODE RESERVED ‹ PH-02 › | E63: When the repository is published, the address and its QR code are placed here, and in Appendix B of the book. Until then this space is deliberately left blank rather than filled with an address that does not yet resolve. See the traceability table in NF-CIP §5.

Sheet LICENCE
E2: THE NORWOOD FILES | H2: NF-CW2 · v1.0
B5: LICENCE AND VERSION
B7: PUBLICATION INFORMATION
B8: PRODUCT | D8: Official Companion Workbook
B9: TITLE | D9: The Norwood Files — Companion to Book Two
B10: COMPANION TO | D10: Nothing to Report
B11: DOCUMENT CODE | D11: NF-CW2
B12: REVISION | D12: v1.0
B13: PUBLICATION VERSION | D13: v1.0 · issued 22 August 2026
B14: EDITION | D14: Current to the 2026 edition of ISO 9001
B15: EDITORIAL BASELINE | D15: EBL-3.1
B16: IDENTITY | D16: Norwood Brand Standards Manual v1.0
B17: AUTHOR | D17: Dan Bleigh
B20: REPOSITORY
B21: ‹ PH-01 · Companion download address — to be inserted before publication. NF-CIP §5. ›
B23: TERMS OF USE
B24: Copyright © 2026 Dan Bleigh. All rights reserved.
B27: This workbook accompanies Nothing to Report and is supplied free of charge with the book. You may use it, adapt it and reproduce it inside your own organization for your own quality management system.
B31: You may not resell it, redistribute it as your own work, or present it as a certified or accredited document.
B34: The forms are offered as general professional guidance. They do not constitute legal, regulatory, safety or certification advice, and no warranty is given as to any particular audit outcome.
B38: ISO 9001 is an International Standard published by the International Organization for Standardization. This workbook is independent commentary and is not published, endorsed, sponsored or authorized by ISO, by any national standards body, or by any certification or accreditation body.
B46: Controlled document. Changes to this instrument follow the Norwood Brand Standards Manual Part XII and NF-ECP 4.6.

Sheet START HERE
A1: NOTHING TO REPORT—COMPANION WORKBOOK
A2: The forms from Part 3. Free, no sign-up. Everything here is also printed in the book.
A4: WHAT THIS IS
B5: The audit program, plan, trail record, sample record, finding register and closure verification from Part 3, plus the three worked audits from Part 2.
B6: Nothing in the book depends on this file. Every form is printed in full and can be photocopied. This exists because a finding register kept on paper is how findings get lost.
A7: ORDER OF WORK
B8: 1. Build 'Form 1 Audit Program' from your process flow, your risk register and your nonconformance log. Not from the clauses. The 'why now' column is the one an external auditor asks about.
B9: 2. For each audit, complete 'Form 2 Audit Plan' BEFORE you open anything. The sample design goes in the plan, not at the cabinet.
B10: 3. Use 'Form 3 Trail Record' on the floor. One unit, forward and backward.
B11: 4. Every finding goes on 'Form 5 Finding Register' in three parts: requirement, evidence, gap. No name, no department, no recommendation.
B12: 5. 'Form 6 Closure Verification' is completed by somebody other than the person who raised the finding. The register flags it if they are the same.
A13: WHAT THE FILE ENFORCES
B14: The audit program calculates the next due date from the frequency and turns red when an audit is late. The finding register counts days open and flags anything self-verified. Neither of those is administration—they are the two ways an audit program quietly dies.
A15: CAPACITY
B16: 60 audits in the program, 300 findings in the register. Formulas are already in place on every row, so type into the next empty line and everything recalculates. Blank rows stay blank.
A17: THE EXAMPLES
B18: The three sheets prefixed EXAMPLE are the worked audits from Part 2—the plan, the sample design and every finding. Read the one closest to what you have been asked to audit, then work in the blank forms. An audit program copied from this file audits somebody else’s plant.
A19: CELL COLORS
B20: Blue text on cream = you type here. Black bold = calculated, do not overwrite.
A22: The Norwood Files · Companion to Book Two · v1.0 · issued 22 August 2026 · matches the first edition (Editorial Baseline EBL-3.1)

Sheet Form 1 Audit Program
A1: AUDIT PROGRAM
A2: Built from the process flow, the risk register and the nonconformance log—not from the clauses.
A4: Ref | B4: Process audited | C4: Why now | D4: Frequency | E4: Last audited | F4: Next due | G4: Status | H4: Auditor
F5: =IF(OR(NOT(ISNUMBER(E5)),D5="",D5="On event"),"",EDATE(E5,IF(D5="6 months",6,12))) | G5: =IF(NOT(ISNUMBER(F5)),"",IF(F5<TODAY(),"OVERDUE",IF(F5<TODAY()+30,"DUE SOON","OK")))
F6: =IF(OR(NOT(ISNUMBER(E6)),D6="",D6="On event"),"",EDATE(E6,IF(D6="6 months",6,12))) | G6: =IF(NOT(ISNUMBER(F6)),"",IF(F6<TODAY(),"OVERDUE",IF(F6<TODAY()+30,"DUE SOON","OK")))
F7: =IF(OR(NOT(ISNUMBER(E7)),D7="",D7="On event"),"",EDATE(E7,IF(D7="6 months",6,12))) | G7: =IF(NOT(ISNUMBER(F7)),"",IF(F7<TODAY(),"OVERDUE",IF(F7<TODAY()+30,"DUE SOON","OK")))
F8: =IF(OR(NOT(ISNUMBER(E8)),D8="",D8="On event"),"",EDATE(E8,IF(D8="6 months",6,12))) | G8: =IF(NOT(ISNUMBER(F8)),"",IF(F8<TODAY(),"OVERDUE",IF(F8<TODAY()+30,"DUE SOON","OK")))
F9: =IF(OR(NOT(ISNUMBER(E9)),D9="",D9="On event"),"",EDATE(E9,IF(D9="6 months",6,12))) | G9: =IF(NOT(ISNUMBER(F9)),"",IF(F9<TODAY(),"OVERDUE",IF(F9<TODAY()+30,"DUE SOON","OK")))
F10: =IF(OR(NOT(ISNUMBER(E10)),D10="",D10="On event"),"",EDATE(E10,IF(D10="6 months",6,12))) | G10: =IF(NOT(ISNUMBER(F10)),"",IF(F10<TODAY(),"OVERDUE",IF(F10<TODAY()+30,"DUE SOON","OK")))
F11: =IF(OR(NOT(ISNUMBER(E11)),D11="",D11="On event"),"",EDATE(E11,IF(D11="6 months",6,12))) | G11: =IF(NOT(ISNUMBER(F11)),"",IF(F11<TODAY(),"OVERDUE",IF(F11<TODAY()+30,"DUE SOON","OK")))
F12: =IF(OR(NOT(ISNUMBER(E12)),D12="",D12="On event"),"",EDATE(E12,IF(D12="6 months",6,12))) | G12: =IF(NOT(ISNUMBER(F12)),"",IF(F12<TODAY(),"OVERDUE",IF(F12<TODAY()+30,"DUE SOON","OK")))
F13: =IF(OR(NOT(ISNUMBER(E13)),D13="",D13="On event"),"",EDATE(E13,IF(D13="6 months",6,12))) | G13: =IF(NOT(ISNUMBER(F13)),"",IF(F13<TODAY(),"OVERDUE",IF(F13<TODAY()+30,"DUE SOON","OK")))
F14: =IF(OR(NOT(ISNUMBER(E14)),D14="",D14="On event"),"",EDATE(E14,IF(D14="6 months",6,12))) | G14: =IF(NOT(ISNUMBER(F14)),"",IF(F14<TODAY(),"OVERDUE",IF(F14<TODAY()+30,"DUE SOON","OK")))
F15: =IF(OR(NOT(ISNUMBER(E15)),D15="",D15="On event"),"",EDATE(E15,IF(D15="6 months",6,12))) | G15: =IF(NOT(ISNUMBER(F15)),"",IF(F15<TODAY(),"OVERDUE",IF(F15<TODAY()+30,"DUE SOON","OK")))
F16: =IF(OR(NOT(ISNUMBER(E16)),D16="",D16="On event"),"",EDATE(E16,IF(D16="6 months",6,12))) | G16: =IF(NOT(ISNUMBER(F16)),"",IF(F16<TODAY(),"OVERDUE",IF(F16<TODAY()+30,"DUE SOON","OK")))
... F64: =IF(OR(NOT(ISNUMBER(E64)),D64="",D64="On event"),"",EDATE(E64,IF(D64="6 months",6,12))) | G64: =IF(NOT(ISNUMBER(F64)),"",IF(F64<TODAY(),"OVERDUE",IF(F64<TODAY()+30,"DUE SOON","OK")))

Sheet Form 2 Audit Plan
A1: AUDIT PLAN
A2: Completed and sent to the auditee BEFORE anything is opened.
A4: Process audited
A5: Scope—in
A6: Scope—out
A7: Why now
A8: Documents to read first
A9: Sample design—how records will be chosen
A10: Conditions deliberately included (cover, peak load, shutdown)
A11: People to be available
A12: Date, time, duration
A13: Auditor—confirms no involvement in this process

Sheet Form 3 Trail Record
A1: TRAIL RECORD
A2: One unit, followed forward and backward. The right-hand column is the audit.
A4: Link in the trail | B4: Record that should exist | C4: What was found | D4: Gap?

Sheet Form 4 Sample Record
A1: SAMPLE RECORD
A2: Decided before the records are opened. That is what makes it a sample.
A4: Population
A5: Size, and why that size
A6: How the sample was selected
A7: Conditions deliberately included
A8: Decided on (date, before opening the records)
A9: Result

Sheet Form 5 Finding Register
A1: FINDING REGISTER
A2: Three parts: requirement, evidence, gap. No name, no department, no recommendation.
A4: Ref | B4: Audit ref | C4: Raised | D4: Process | E4: Class | F4: Requirement | G4: Evidence | H4: Gap | I4: Owner | J4: Due | K4: Status | L4: Days open | M4: Verified by | N4: Verified | O4: Check | P4: Raised by | Q4: Open age
L5: =IF(NOT(ISNUMBER(C5)),"",IF(ISNUMBER(N5),N5-C5,TODAY()-C5)) | O5: =IF(OR(M5="",P5=""),"",IF(EXACT(TRIM(M5),TRIM(P5)),"SELF-VERIFIED","")) | Q5: =IF(AND(K5="open",ISNUMBER(L5)),L5,"")
L6: =IF(NOT(ISNUMBER(C6)),"",IF(ISNUMBER(N6),N6-C6,TODAY()-C6)) | O6: =IF(OR(M6="",P6=""),"",IF(EXACT(TRIM(M6),TRIM(P6)),"SELF-VERIFIED","")) | Q6: =IF(AND(K6="open",ISNUMBER(L6)),L6,"")
L7: =IF(NOT(ISNUMBER(C7)),"",IF(ISNUMBER(N7),N7-C7,TODAY()-C7)) | O7: =IF(OR(M7="",P7=""),"",IF(EXACT(TRIM(M7),TRIM(P7)),"SELF-VERIFIED","")) | Q7: =IF(AND(K7="open",ISNUMBER(L7)),L7,"")
L8: =IF(NOT(ISNUMBER(C8)),"",IF(ISNUMBER(N8),N8-C8,TODAY()-C8)) | O8: =IF(OR(M8="",P8=""),"",IF(EXACT(TRIM(M8),TRIM(P8)),"SELF-VERIFIED","")) | Q8: =IF(AND(K8="open",ISNUMBER(L8)),L8,"")
L9: =IF(NOT(ISNUMBER(C9)),"",IF(ISNUMBER(N9),N9-C9,TODAY()-C9)) | O9: =IF(OR(M9="",P9=""),"",IF(EXACT(TRIM(M9),TRIM(P9)),"SELF-VERIFIED","")) | Q9: =IF(AND(K9="open",ISNUMBER(L9)),L9,"")
L10: =IF(NOT(ISNUMBER(C10)),"",IF(ISNUMBER(N10),N10-C10,TODAY()-C10)) | O10: =IF(OR(M10="",P10=""),"",IF(EXACT(TRIM(M10),TRIM(P10)),"SELF-VERIFIED","")) | Q10: =IF(AND(K10="open",ISNUMBER(L10)),L10,"")
L11: =IF(NOT(ISNUMBER(C11)),"",IF(ISNUMBER(N11),N11-C11,TODAY()-C11)) | O11: =IF(OR(M11="",P11=""),"",IF(EXACT(TRIM(M11),TRIM(P11)),"SELF-VERIFIED","")) | Q11: =IF(AND(K11="open",ISNUMBER(L11)),L11,"")
L12: =IF(NOT(ISNUMBER(C12)),"",IF(ISNUMBER(N12),N12-C12,TODAY()-C12)) | O12: =IF(OR(M12="",P12=""),"",IF(EXACT(TRIM(M12),TRIM(P12)),"SELF-VERIFIED","")) | Q12: =IF(AND(K12="open",ISNUMBER(L12)),L12,"")
L13: =IF(NOT(ISNUMBER(C13)),"",IF(ISNUMBER(N13),N13-C13,TODAY()-C13)) | O13: =IF(OR(M13="",P13=""),"",IF(EXACT(TRIM(M13),TRIM(P13)),"SELF-VERIFIED","")) | Q13: =IF(AND(K13="open",ISNUMBER(L13)),L13,"")
L14: =IF(NOT(ISNUMBER(C14)),"",IF(ISNUMBER(N14),N14-C14,TODAY()-C14)) | O14: =IF(OR(M14="",P14=""),"",IF(EXACT(TRIM(M14),TRIM(P14)),"SELF-VERIFIED","")) | Q14: =IF(AND(K14="open",ISNUMBER(L14)),L14,"")
L15: =IF(NOT(ISNUMBER(C15)),"",IF(ISNUMBER(N15),N15-C15,TODAY()-C15)) | O15: =IF(OR(M15="",P15=""),"",IF(EXACT(TRIM(M15),TRIM(P15)),"SELF-VERIFIED","")) | Q15: =IF(AND(K15="open",ISNUMBER(L15)),L15,"")
L16: =IF(NOT(ISNUMBER(C16)),"",IF(ISNUMBER(N16),N16-C16,TODAY()-C16)) | O16: =IF(OR(M16="",P16=""),"",IF(EXACT(TRIM(M16),TRIM(P16)),"SELF-VERIFIED","")) | Q16: =IF(AND(K16="open",ISNUMBER(L16)),L16,"")
... L304: =IF(NOT(ISNUMBER(C304)),"",IF(ISNUMBER(N304),N304-C304,TODAY()-C304)) | O304: =IF(OR(M304="",P304=""),"",IF(EXACT(TRIM(M304),TRIM(P304)),"SELF-VERIFIED","")) | Q304: =IF(AND(K304="open",ISNUMBER(L304)),L304,"")

Sheet Form 6 Closure Verification
A1: CLOSURE VERIFICATION
A2: Completed by somebody other than the person who raised the finding. The auditor confirms; the auditor does not verify.
A4: Finding reference
A5: Correction—what was done to the affected product
A6: Corrective action—what was done to the cause
A7: Hierarchy level (1 eliminate · 2 error-proof · 3 automate · 4 detect · 5 procedure)
A8: How effectiveness will be measured, and over what exposure
A9: Result observed
A10: Verified by (NOT the originator) / date
A11: Auditor confirms the verification / date

Sheet Dashboard
A1: AUDIT PROGRAM DASHBOARD
A2: Calculated live from the program and the finding register. Nothing on this sheet is typed.
A4: AUDITS IN PROGRAM | C4: OVERDUE | E4: FINDINGS OPEN | G4: OLDEST OPEN | I4: SELF-VERIFIED
A5: =COUNTA('Form 1 Audit Program'!A5:A64) | C5: =COUNTIF('Form 1 Audit Program'!G5:G64,"OVERDUE") | E5: =COUNTIF('Form 5 Finding Register'!K5:K304,"open") | G5: =IFERROR(MAX('Form 5 Finding Register'!Q5:Q304),0) | I5: =COUNTIF('Form 5 Finding Register'!O5:O304,"SELF-VERIFIED")
A7: scheduled | C7: past next due date | E7: not yet actioned | G7: days | I7: should be zero
A42: Two numbers kill an audit program. The first is the count of overdue audits, because a program that slips once slips permanently. The second is the age of the oldest open finding, because a finding nobody closes teaches the plant that findings do not have to be closed. SELF-VERIFIED should read zero; anything else means somebody marked their own homework.
A46: CHART SOURCE DATA—calculated, do not overwrite
A47: Program status | B47: Audits
A48: OK | B48: =COUNTIF('Form 1 Audit Program'!$G$5:$G$64,"OK")
A49: DUE SOON | B49: =COUNTIF('Form 1 Audit Program'!$G$5:$G$64,"DUE SOON")
A50: OVERDUE | B50: =COUNTIF('Form 1 Audit Program'!$G$5:$G$64,"OVERDUE")
A53: Classification | B53: Findings
A54: Nonconformity | B54: =COUNTIF('Form 5 Finding Register'!$E$5:$E$304,"nonconformity")
A55: Observation | B55: =COUNTIF('Form 5 Finding Register'!$E$5:$E$304,"observation")
A58: Age of open findings | B58: Count
A59: over 90 days | B59: =COUNTIFS('Form 5 Finding Register'!$K$5:$K$304,"open",'Form 5 Finding Register'!$L$5:$L$304,">90")
A60: 61 to 90 | B60: =COUNTIFS('Form 5 Finding Register'!$K$5:$K$304,"open",'Form 5 Finding Register'!$L$5:$L$304,">60",'Form 5 Finding Register'!$L$5:$L$304,"<=90")
A61: 31 to 60 | B61: =COUNTIFS('Form 5 Finding Register'!$K$5:$K$304,"open",'Form 5 Finding Register'!$L$5:$L$304,">30",'Form 5 Finding Register'!$L$5:$L$304,"<=60")
A62: 30 or fewer | B62: =COUNTIFS('Form 5 Finding Register'!$K$5:$K$304,"open",'Form 5 Finding Register'!$L$5:$L$304,"<=30")
A65: Status | B65: Findings
A66: open | B66: =COUNTIF('Form 5 Finding Register'!$K$5:$K$304,"open")
A67: actioned | B67: =COUNTIF('Form 5 Finding Register'!$K$5:$K$304,"actioned")
A68: closed | B68: =COUNTIF('Form 5 Finding Register'!$K$5:$K$304,"closed")

Sheet EXAMPLE A Goods-in
A1: EXAMPLE A GOODS-IN
A2: Worked audit from Part 2 of the book. Read, do not edit.
A4: Scope | B4: Receipt of castings, incoming verification, storage, issue to production
A5: Why now | B5: Step 1 carries a severity 9 row in the risk register, and the incoming check is the only barrier between a foundry defect and a machined housing
A6: Sample design | B6: 20 goods-in records, five from each of four months, chosen to include the December cover period, the March expedite, the August shutdown and one ordinary month as a control
A8: Ref | B8: Class | C8: Requirement | D8: Evidence | E8: Gap
A9: F-01 | B9: nonconformity | C9: WI-0402 rev 4 requires incoming verification by trained personnel, and the quality manual requires training records for personnel performing verification. | D9: Seven goods-in records between 18 and 31 December carry a signature for which no training record exists. Goods-in was covered by agency personnel in this period. | E9: Incoming verification was performed by personnel whose competence cannot be demonstrated.
A10: F-02 | B10: nonconformity | C10: PF-01 rev 3 identifies deburring as step 10; the quality manual requires each identified step to have defined controls and retained evidence of performance. | D10: Step 10 has no operation number, work instruction or acceptance criterion. In 30 route cards across six months, 7 carried no deburr entry. Two such housings were dispatched on note 8802. | E10: A step in the process flow is performed without defined controls, and performance cannot be demonstrated for delivered product.
A11: F-03 | B11: observation | C11: No requirement specifies how the stabilization hold time is determined or recorded. | D11: Identical hold time recorded on seven route cards covering four separate delivery dates. | E11: Raised as an observation because there is no requirement to point at. The absence of the requirement is the finding.

Sheet EXAMPLE B Machining cell
A1: EXAMPLE B MACHINING CELL
A2: Worked audit from Part 2 of the book. Read, do not edit.
A4: Scope | B4: Cell two: setup, first-off, turning, boring, in-process verification, tool management, handover
A5: Why now | B5: Two nonconformances in six months, a tooling change in April, and the highest residual risk score in the register
A6: Sample design | B6: 12 setups, the first after each of twelve chosen dates spread across six months and deliberately including two days of unusually high output
A8: Ref | B8: Class | C8: Requirement | D8: Evidence | E8: Gap
A9: F-04 | B9: nonconformity | C9: The setup instruction for cell two specifies an insert change interval of 400 pieces. | D9: The regular setter changes at 300 and has done so for years because the carded interval does not reflect actual tool life. Observed on two setups. Supporting data exists in the bore drift corrective action record. | E9: The documented interval does not reflect the interval in use, and the interval in use is the correct one.
A10: F-05 | B10: nonconformity | C10: The setup instruction requires a first-off to fall within the middle half of the tolerance band. | D10: The regular setter applied this correctly. The cover setter, asked the same question in the same words, stated a first-off in tolerance would be run. Cover setter performed 9 setups in six months. | E10: Application of a defined control depends on which individual is present.

Sheet EXAMPLE C Management review
A1: EXAMPLE C MANAGEMENT REVIEW
A2: Worked audit from Part 2 of the book. Read, do not edit.
A4: Scope | B4: The management review process and the corrective action process, and the link between them
A5: Why now | B5: Nine risks were accepted on the basis of review at each management review, and no internal audit has ever covered clause 9.3 beyond confirming the meetings took place
A6: Sample design | B6: All eight management reviews. Six corrective actions: the two oldest, the two most recently closed, and two chosen at random from the middle
A8: Ref | B8: Class | C8: Requirement | D8: Evidence | E8: Gap
A9: F-06 | B9: nonconformity | C9: Nine risks were accepted on the basis, recorded in the register, of review at each management review. | D9: Eight management reviews have taken place since acceptance. The record does not demonstrate that any accepted risk was considered. Where review occurred it is recorded outside the management system. | E9: Decisions taken on a stated review frequency cannot be shown to have been reviewed at that frequency.
A10: F-07 | B10: nonconformity | C10: The corrective action procedure requires verification of effectiveness by a person other than the originator. | D10: In a sample of six corrective actions, three were raised, actioned and verified by the same individual. | E10: Effectiveness verification is performed by the originator and cannot be regarded as independent.

Sheet About
B6: THE NORWOOD FILES
B7: Companion to Book Two
B9: Document code: NF-CW2 · Identity: NBSM v1.0 · Baseline: EBL-3.1 · Issued 22 August 2026
B11: This workbook is part of The Norwood Files ecosystem — business novels and working instruments for the people who run quality in manufacturing, written for ISO 9001 and current to the 2026 edition.
B13: The Register Mark — one line, one red square: the process, and the record found in it. In every Norwood chart and register, red means exactly one thing: the finding.
B15: Cell conventions: blue text = your inputs · black = calculated · yellow fill = attention · red ■ = fired trigger/finding.
B17: Controlled document. Changes to this instrument follow the Norwood Brand Standards Manual Part XII and NF-ECP 4.6.
