Workbook

Sheet Cover
E3: THE NORWOOD FILES | H3: NF-CW4 · v2.0
B9: OFFICIAL COMPANION WORKBOOK
B11: The Norwood Files
B12: A Novel About Risk, Audit and Root Cause in a Factory That Stopped Pretending
B15: Companion to Part Four — The Supplier and the Knowledge
B16: The forms from the book, with the rules already written into the formulas.
B21: REVISION | C21: v2.0 · NF-CW4
B22: EDITION | C22: Current to the 2026 edition of ISO 9001
B23: BASELINE | C23: Matches the omnibus first edition of The Norwood Files (build RC-Rev9)
B24: ISSUED | C24: 29 August 2026
B28: Dan Bleigh
B29: The Norwood Files

Sheet WELCOME
E2: THE NORWOOD FILES | H2: NF-CW4 · v2.0
B5: WELCOME
B7: WHAT THIS COMPANION IS FOR
B8: This workbook is the working half of Part Four of The Norwood Files. It carries the forms from the book with the rules already written into the formulas, so that the method can be run on a real process instead of read about. Its subject is supplier risk ranked by consequence rather than spend, and the knowledge that leaves when a person does: elicitation, transfer and verification.
B14: HOW TO USE IT
B15: Work top to bottom, in sheet order. Enter your own data; the calculated columns look after themselves. Nothing in the book depends on this file — every form is printed in full in the book and can be photocopied or rebuilt by hand. This file exists because typing formulas is not a good use of your afternoon.
B20: RELATIONSHIP WITH THE BOOK
B21: The numbered sheets carry the same Form numbers as the book. Form 19 in the book is Form 19 in this file. The sheets prefixed EXAMPLE are the worked cases from the book, complete and populated, so that you can see how a row behaves before you clear it and start on your own process.
B26: READING RECOMMENDATION
B27: Read the book’s narrative chapters first, then open this file with the book beside you. If you are working to a deadline, read the EXAMPLE sheet closest to your operation, then start on your own process — and read the chapters afterwards, because the reasoning is the transferable part.
B32: CONVENTIONS USED THROUGHOUT
B33: · | C33: Blue text on cream — you type here.
B34: · | C34: Black bold — calculated. Do not overwrite.
B35: · | C35: Yellow fill — attention: a value that needs a decision.
B36: · | C36: Red ■ — a fired trigger, or a finding. Red is never used for decoration.
B39: THE SHEETS IN THIS WORKBOOK
B40: SHEET | C40: PURPOSE
B41: START HERE | C41: Orientation, order of work and the cell conventions.
B42: Form 17 Supplier Ranking | C42: Re-ranked on one question: how long could we ship if this one stopped tomorrow?
B43: Form 18 Assessment | C43: The second-party assessment, including the percentage in both directions.
B44: Form 19 Knowledge Inventory | C44: What would stop, degrade or take three times as long if this person did not come in tomorrow.
B45: Form 20 Transfer Tracker | C45: Transfer by category, with verification on real occurrences rather than demonstrations.
B46: Form 21 Transition | C46: The gap analysis that fits on two sides, with a verdict against each difference.
B47: Dashboard | C47: Supplier exposure and transfer completion.
B48: EXAMPLE A Single-source foundry | C48: Worked assessment: a single-source foundry. Complete, from the book.
B49: EXAMPLE B Distributor | C49: Worked assessment: a distributor. Complete, from the book.
B50: EXAMPLE C Calibration house | C50: Worked assessment: a calibration house. Complete, from the book.
B51: About | C51: Instrument identity, document code and control status.
B54: OFFICIAL COMPANION RESOURCES
B55: The official repository holds this workbook, the other Companions in the series, and any corrected or updated revisions. There is nothing to sign up for and no address to leave.
B59: ‹ PH-01 · Companion download address — to be inserted before publication. NF-CIP §5. ›
B62: QR CODE RESERVED ‹ PH-02 › | E62: When the repository is published, the address and its QR code are placed here, and in Appendix B of the book. Until then this space is deliberately left blank rather than filled with an address that does not yet resolve. See the traceability table in NF-CIP §5.

Sheet LICENCE
E2: THE NORWOOD FILES | H2: NF-CW4 · v2.0
B5: LICENCE AND VERSION
B7: PUBLICATION INFORMATION
B8: PRODUCT | D8: Official Companion Workbook
B9: TITLE | D9: The Norwood Files — Companion to Part Four
B10: COMPANION TO | D10: The Norwood Files
B11: DOCUMENT CODE | D11: NF-CW4
B12: REVISION | D12: v2.0
B13: PUBLICATION VERSION | D13: v2.0 · issued 29 August 2026
B14: EDITION | D14: Current to the 2026 edition of ISO 9001
B15: EDITORIAL BASELINE | D15: RC-Rev9
B16: IDENTITY | D16: Norwood Brand Standards Manual v1.0
B17: AUTHOR | D17: Dan Bleigh
B20: REPOSITORY
B21: ‹ PH-01 · Companion download address — to be inserted before publication. NF-CIP §5. ›
B23: TERMS OF USE
B24: Copyright © 2026 Dan Bleigh. All rights reserved.
B27: This workbook accompanies The Norwood Files and is supplied free of charge with the book. You may use it, adapt it and reproduce it inside your own organization for your own quality management system.
B31: You may not resell it, redistribute it as your own work, or present it as a certified or accredited document.
B34: The forms are offered as general professional guidance. They do not constitute legal, regulatory, safety or certification advice, and no warranty is given as to any particular audit outcome.
B38: ISO 9001 is an International Standard published by the International Organization for Standardization. This workbook is independent commentary and is not published, endorsed, sponsored or authorized by ISO, by any national standards body, or by any certification or accreditation body.
B46: Controlled document. Changes to this instrument follow the Norwood Brand Standards Manual Part XII and NF-ECP 4.6.

Sheet START HERE
A1: THE NORWOOD FILES — PART FOUR COMPANION
A2: The forms from Part Five. Free, no sign-up. Everything here is also printed in the book.
A4: WHAT THIS IS
B5: The supplier consequence ranking, assessment record, knowledge inventory, transfer verification tracker and transition gap analysis from Part Five, plus the three worked assessments from Part Four.
B6: Nothing in the book depends on this file. Every form is printed in full and can be photocopied. This exists because a knowledge inventory kept on loose paper is lost with the person it describes.
A7: ORDER OF WORK
B8: 1. Fill 'Form 17 Supplier Ranking' first, and fill the consequence column before you look at the spend column. The order will not resemble your spend ranking. This is the only part of this file that changes what you do next week.
B9: 2. Assess the top of that list on 'Form 18 Assessment'. Both percentages are mandatory fields—the sheet flags a row where either is missing.
B10: 3. 'Form 19 Knowledge Inventory' is one row per PERSON, not per role, and is filled in for everybody experienced rather than only for whoever is leaving.
B11: 4. 'Form 20 Transfer Tracker' takes how often the difficult event happens and the leaving date, and tells you how many chances you have. Under three, it turns red.
B12: 5. 'Form 21 Transition' has four verdicts and nothing else. If it will not fit on two printed pages you are writing a document rather than doing an analysis.
A13: WHAT THE FILE ENFORCES
B14: A critical supplier with no assessment date is flagged. An expired certificate is flagged, which is the defect Norwood carried for twenty-five months. A knowledge item marked for apprenticeship with nobody named to receive it is flagged. And a transfer with fewer than three chances before the leaving date is flagged, because two is not learning, two is luck.
A15: CAPACITY
B16: 60 suppliers, 200 knowledge items. Formulas are in place on every row, so type into the next empty line and everything recalculates. Blank rows stay blank.
A17: THE EXAMPLES
B18: The three sheets prefixed EXAMPLE are the worked assessments from Part Four. Two of them end in a risk the plant decided to keep, which is the ordinary outcome of an honest assessment and almost never the outcome of a published one.
A19: CELL COLORS
B20: Blue text on cream = you type here. Black bold = calculated, do not overwrite.
A21: THE SILENT EXPIRY WEBSITE
B22: Explore the complete framework: the canonical definition of Silent Expiry, the documented evidence behind it, and a fifty-two article curriculum. Free to read, nothing to sign up for.
B23: https://silent-expiry.pages.dev/
A25: The Norwood Files · Companion to Part Four · v2.0 · issued 29 August 2026 · matches the omnibus first edition (build RC-Rev9)

Sheet Form 17 Supplier Ranking
A1: SUPPLIER RANKING BY CONSEQUENCE
A2: Fill the consequence column before you look at the spend column. The order will surprise you.
A4: Ref | B4: Supplier | C4: What they supply | D4: Annual spend | E4: How long could we ship without them? | F4: Last assessed on site | G4: Certificate expires | H4: Flag
H5: =IF(B5="","",IF(AND(ISNUMBER(G5),G5<TODAY()),"CERTIFICATE EXPIRED",IF(AND(OR(E5="days",E5="2-4 weeks"),F5=""),"CRITICAL, NEVER ASSESSED",IF(AND(OR(E5="days",E5="2-4 weeks"),ISNUMBER(F5),F5<EDATE(TODAY(),-36)),"ASSESSMENT OVER 3 YEARS OLD",""))))
H6: =IF(B6="","",IF(AND(ISNUMBER(G6),G6<TODAY()),"CERTIFICATE EXPIRED",IF(AND(OR(E6="days",E6="2-4 weeks"),F6=""),"CRITICAL, NEVER ASSESSED",IF(AND(OR(E6="days",E6="2-4 weeks"),ISNUMBER(F6),F6<EDATE(TODAY(),-36)),"ASSESSMENT OVER 3 YEARS OLD",""))))
H7: =IF(B7="","",IF(AND(ISNUMBER(G7),G7<TODAY()),"CERTIFICATE EXPIRED",IF(AND(OR(E7="days",E7="2-4 weeks"),F7=""),"CRITICAL, NEVER ASSESSED",IF(AND(OR(E7="days",E7="2-4 weeks"),ISNUMBER(F7),F7<EDATE(TODAY(),-36)),"ASSESSMENT OVER 3 YEARS OLD",""))))
H8: =IF(B8="","",IF(AND(ISNUMBER(G8),G8<TODAY()),"CERTIFICATE EXPIRED",IF(AND(OR(E8="days",E8="2-4 weeks"),F8=""),"CRITICAL, NEVER ASSESSED",IF(AND(OR(E8="days",E8="2-4 weeks"),ISNUMBER(F8),F8<EDATE(TODAY(),-36)),"ASSESSMENT OVER 3 YEARS OLD",""))))
H9: =IF(B9="","",IF(AND(ISNUMBER(G9),G9<TODAY()),"CERTIFICATE EXPIRED",IF(AND(OR(E9="days",E9="2-4 weeks"),F9=""),"CRITICAL, NEVER ASSESSED",IF(AND(OR(E9="days",E9="2-4 weeks"),ISNUMBER(F9),F9<EDATE(TODAY(),-36)),"ASSESSMENT OVER 3 YEARS OLD",""))))
H10: =IF(B10="","",IF(AND(ISNUMBER(G10),G10<TODAY()),"CERTIFICATE EXPIRED",IF(AND(OR(E10="days",E10="2-4 weeks"),F10=""),"CRITICAL, NEVER ASSESSED",IF(AND(OR(E10="days",E10="2-4 weeks"),ISNUMBER(F10),F10<EDATE(TODAY(),-36)),"ASSESSMENT OVER 3 YEARS OLD",""))))
H11: =IF(B11="","",IF(AND(ISNUMBER(G11),G11<TODAY()),"CERTIFICATE EXPIRED",IF(AND(OR(E11="days",E11="2-4 weeks"),F11=""),"CRITICAL, NEVER ASSESSED",IF(AND(OR(E11="days",E11="2-4 weeks"),ISNUMBER(F11),F11<EDATE(TODAY(),-36)),"ASSESSMENT OVER 3 YEARS OLD",""))))
H12: =IF(B12="","",IF(AND(ISNUMBER(G12),G12<TODAY()),"CERTIFICATE EXPIRED",IF(AND(OR(E12="days",E12="2-4 weeks"),F12=""),"CRITICAL, NEVER ASSESSED",IF(AND(OR(E12="days",E12="2-4 weeks"),ISNUMBER(F12),F12<EDATE(TODAY(),-36)),"ASSESSMENT OVER 3 YEARS OLD",""))))
H13: =IF(B13="","",IF(AND(ISNUMBER(G13),G13<TODAY()),"CERTIFICATE EXPIRED",IF(AND(OR(E13="days",E13="2-4 weeks"),F13=""),"CRITICAL, NEVER ASSESSED",IF(AND(OR(E13="days",E13="2-4 weeks"),ISNUMBER(F13),F13<EDATE(TODAY(),-36)),"ASSESSMENT OVER 3 YEARS OLD",""))))
H14: =IF(B14="","",IF(AND(ISNUMBER(G14),G14<TODAY()),"CERTIFICATE EXPIRED",IF(AND(OR(E14="days",E14="2-4 weeks"),F14=""),"CRITICAL, NEVER ASSESSED",IF(AND(OR(E14="days",E14="2-4 weeks"),ISNUMBER(F14),F14<EDATE(TODAY(),-36)),"ASSESSMENT OVER 3 YEARS OLD",""))))
H15: =IF(B15="","",IF(AND(ISNUMBER(G15),G15<TODAY()),"CERTIFICATE EXPIRED",IF(AND(OR(E15="days",E15="2-4 weeks"),F15=""),"CRITICAL, NEVER ASSESSED",IF(AND(OR(E15="days",E15="2-4 weeks"),ISNUMBER(F15),F15<EDATE(TODAY(),-36)),"ASSESSMENT OVER 3 YEARS OLD",""))))
H16: =IF(B16="","",IF(AND(ISNUMBER(G16),G16<TODAY()),"CERTIFICATE EXPIRED",IF(AND(OR(E16="days",E16="2-4 weeks"),F16=""),"CRITICAL, NEVER ASSESSED",IF(AND(OR(E16="days",E16="2-4 weeks"),ISNUMBER(F16),F16<EDATE(TODAY(),-36)),"ASSESSMENT OVER 3 YEARS OLD",""))))
... H64: =IF(B64="","",IF(AND(ISNUMBER(G64),G64<TODAY()),"CERTIFICATE EXPIRED",IF(AND(OR(E64="days",E64="2-4 weeks"),F64=""),"CRITICAL, NEVER ASSESSED",IF(AND(OR(E64="days",E64="2-4 weeks"),ISNUMBER(F64),F64<EDATE(TODAY(),-36)),"ASSESSMENT OVER 3 YEARS OLD",""))))
A65: END OF FORM—rows below this line are not included in any calculation
A67: Spend measures what a supplier is worth to you. It does not measure what their failure would cost you, and those two are frequently unrelated. The suppliers that will hurt you are often the small ones, because size is what gets a supplier onto a list and consequence is what should.

Sheet Form 18 Assessment
A1: SUPPLIER ASSESSMENT RECORD
A2: Both percentages are mandatory. They tell you your real leverage and how fast you will hear about trouble.
A4: Ref | B4: Supplier | C4: Date | D4: We are __% of their output | E4: They are __% of our supply | F4: Single points observed | G4: Agreed (things they will actually do) | H4: Residual risk accepted—owner | I4: Flag
I5: =IF(B5="","",IF(OR(D5="",E5=""),"PERCENTAGES MISSING",IF(AND(ISNUMBER(E5),E5>=75,H5=""),"HIGH DEPENDENCY, NO OWNER","")))
I6: =IF(B6="","",IF(OR(D6="",E6=""),"PERCENTAGES MISSING",IF(AND(ISNUMBER(E6),E6>=75,H6=""),"HIGH DEPENDENCY, NO OWNER","")))
I7: =IF(B7="","",IF(OR(D7="",E7=""),"PERCENTAGES MISSING",IF(AND(ISNUMBER(E7),E7>=75,H7=""),"HIGH DEPENDENCY, NO OWNER","")))
I8: =IF(B8="","",IF(OR(D8="",E8=""),"PERCENTAGES MISSING",IF(AND(ISNUMBER(E8),E8>=75,H8=""),"HIGH DEPENDENCY, NO OWNER","")))
I9: =IF(B9="","",IF(OR(D9="",E9=""),"PERCENTAGES MISSING",IF(AND(ISNUMBER(E9),E9>=75,H9=""),"HIGH DEPENDENCY, NO OWNER","")))
I10: =IF(B10="","",IF(OR(D10="",E10=""),"PERCENTAGES MISSING",IF(AND(ISNUMBER(E10),E10>=75,H10=""),"HIGH DEPENDENCY, NO OWNER","")))
I11: =IF(B11="","",IF(OR(D11="",E11=""),"PERCENTAGES MISSING",IF(AND(ISNUMBER(E11),E11>=75,H11=""),"HIGH DEPENDENCY, NO OWNER","")))
I12: =IF(B12="","",IF(OR(D12="",E12=""),"PERCENTAGES MISSING",IF(AND(ISNUMBER(E12),E12>=75,H12=""),"HIGH DEPENDENCY, NO OWNER","")))
I13: =IF(B13="","",IF(OR(D13="",E13=""),"PERCENTAGES MISSING",IF(AND(ISNUMBER(E13),E13>=75,H13=""),"HIGH DEPENDENCY, NO OWNER","")))
I14: =IF(B14="","",IF(OR(D14="",E14=""),"PERCENTAGES MISSING",IF(AND(ISNUMBER(E14),E14>=75,H14=""),"HIGH DEPENDENCY, NO OWNER","")))
I15: =IF(B15="","",IF(OR(D15="",E15=""),"PERCENTAGES MISSING",IF(AND(ISNUMBER(E15),E15>=75,H15=""),"HIGH DEPENDENCY, NO OWNER","")))
I16: =IF(B16="","",IF(OR(D16="",E16=""),"PERCENTAGES MISSING",IF(AND(ISNUMBER(E16),E16>=75,H16=""),"HIGH DEPENDENCY, NO OWNER","")))
... I64: =IF(B64="","",IF(OR(D64="",E64=""),"PERCENTAGES MISSING",IF(AND(ISNUMBER(E64),E64>=75,H64=""),"HIGH DEPENDENCY, NO OWNER","")))
A65: END OF FORM—rows below this line are not included in any calculation

Sheet Form 19 Knowledge Inventory
A1: KNOWLEDGE INVENTORY
A2: One row per PERSON, not per role. Filled in for everybody experienced, not only for whoever is leaving.
A4: Ref | B4: Person | C4: What would stop, degrade, or take three times as long | D4: Category | E4: Who receives it | F4: Done? | G4: Flag
G5: =IF(C5="","",IF(D5="","NOT CATEGORIZED",IF(AND(D5="apprenticeship",E5=""),"NOBODY NAMED TO RECEIVE IT","")))
G6: =IF(C6="","",IF(D6="","NOT CATEGORIZED",IF(AND(D6="apprenticeship",E6=""),"NOBODY NAMED TO RECEIVE IT","")))
G7: =IF(C7="","",IF(D7="","NOT CATEGORIZED",IF(AND(D7="apprenticeship",E7=""),"NOBODY NAMED TO RECEIVE IT","")))
G8: =IF(C8="","",IF(D8="","NOT CATEGORIZED",IF(AND(D8="apprenticeship",E8=""),"NOBODY NAMED TO RECEIVE IT","")))
G9: =IF(C9="","",IF(D9="","NOT CATEGORIZED",IF(AND(D9="apprenticeship",E9=""),"NOBODY NAMED TO RECEIVE IT","")))
G10: =IF(C10="","",IF(D10="","NOT CATEGORIZED",IF(AND(D10="apprenticeship",E10=""),"NOBODY NAMED TO RECEIVE IT","")))
G11: =IF(C11="","",IF(D11="","NOT CATEGORIZED",IF(AND(D11="apprenticeship",E11=""),"NOBODY NAMED TO RECEIVE IT","")))
G12: =IF(C12="","",IF(D12="","NOT CATEGORIZED",IF(AND(D12="apprenticeship",E12=""),"NOBODY NAMED TO RECEIVE IT","")))
G13: =IF(C13="","",IF(D13="","NOT CATEGORIZED",IF(AND(D13="apprenticeship",E13=""),"NOBODY NAMED TO RECEIVE IT","")))
G14: =IF(C14="","",IF(D14="","NOT CATEGORIZED",IF(AND(D14="apprenticeship",E14=""),"NOBODY NAMED TO RECEIVE IT","")))
G15: =IF(C15="","",IF(D15="","NOT CATEGORIZED",IF(AND(D15="apprenticeship",E15=""),"NOBODY NAMED TO RECEIVE IT","")))
G16: =IF(C16="","",IF(D16="","NOT CATEGORIZED",IF(AND(D16="apprenticeship",E16=""),"NOBODY NAMED TO RECEIVE IT","")))
... G204: =IF(C204="","",IF(D204="","NOT CATEGORIZED",IF(AND(D204="apprenticeship",E204=""),"NOBODY NAMED TO RECEIVE IT","")))
A205: END OF FORM—rows below this line are not included in any calculation
A207: ‘Will not transfer’ is a legitimate category and belongs in the inventory. Relationships and plant memory usually sit there. Recording that something is being lost is more useful than a line item claiming it was not.

Sheet Form 20 Transfer Tracker
A1: TRANSFER VERIFICATION TRACKER
A2: How often does the difficult event happen, and how long until they go? That is how many chances you have.
A4: Ref | B4: What is being transferred | C4: From | D4: To | E4: Leaving date | F4: Events per year | G4: Chances left | H4: Occ. 1 unaided? | I4: Occ. 2 unaided? | J4: Occ. 3 unaided? | K4: Flag
G5: =IF(OR(NOT(ISNUMBER(E5)),NOT(ISNUMBER(F5))),"",ROUND((E5-TODAY())/365*F5,1)) | K5: =IF(B5="","",IF(AND(ISNUMBER(G5),G5<3),"FEWER THAN THREE CHANCES",IF(COUNTIF(H5:J5,"yes")>=3,"VERIFIED","")))
G6: =IF(OR(NOT(ISNUMBER(E6)),NOT(ISNUMBER(F6))),"",ROUND((E6-TODAY())/365*F6,1)) | K6: =IF(B6="","",IF(AND(ISNUMBER(G6),G6<3),"FEWER THAN THREE CHANCES",IF(COUNTIF(H6:J6,"yes")>=3,"VERIFIED","")))
G7: =IF(OR(NOT(ISNUMBER(E7)),NOT(ISNUMBER(F7))),"",ROUND((E7-TODAY())/365*F7,1)) | K7: =IF(B7="","",IF(AND(ISNUMBER(G7),G7<3),"FEWER THAN THREE CHANCES",IF(COUNTIF(H7:J7,"yes")>=3,"VERIFIED","")))
G8: =IF(OR(NOT(ISNUMBER(E8)),NOT(ISNUMBER(F8))),"",ROUND((E8-TODAY())/365*F8,1)) | K8: =IF(B8="","",IF(AND(ISNUMBER(G8),G8<3),"FEWER THAN THREE CHANCES",IF(COUNTIF(H8:J8,"yes")>=3,"VERIFIED","")))
G9: =IF(OR(NOT(ISNUMBER(E9)),NOT(ISNUMBER(F9))),"",ROUND((E9-TODAY())/365*F9,1)) | K9: =IF(B9="","",IF(AND(ISNUMBER(G9),G9<3),"FEWER THAN THREE CHANCES",IF(COUNTIF(H9:J9,"yes")>=3,"VERIFIED","")))
G10: =IF(OR(NOT(ISNUMBER(E10)),NOT(ISNUMBER(F10))),"",ROUND((E10-TODAY())/365*F10,1)) | K10: =IF(B10="","",IF(AND(ISNUMBER(G10),G10<3),"FEWER THAN THREE CHANCES",IF(COUNTIF(H10:J10,"yes")>=3,"VERIFIED","")))
G11: =IF(OR(NOT(ISNUMBER(E11)),NOT(ISNUMBER(F11))),"",ROUND((E11-TODAY())/365*F11,1)) | K11: =IF(B11="","",IF(AND(ISNUMBER(G11),G11<3),"FEWER THAN THREE CHANCES",IF(COUNTIF(H11:J11,"yes")>=3,"VERIFIED","")))
G12: =IF(OR(NOT(ISNUMBER(E12)),NOT(ISNUMBER(F12))),"",ROUND((E12-TODAY())/365*F12,1)) | K12: =IF(B12="","",IF(AND(ISNUMBER(G12),G12<3),"FEWER THAN THREE CHANCES",IF(COUNTIF(H12:J12,"yes")>=3,"VERIFIED","")))
G13: =IF(OR(NOT(ISNUMBER(E13)),NOT(ISNUMBER(F13))),"",ROUND((E13-TODAY())/365*F13,1)) | K13: =IF(B13="","",IF(AND(ISNUMBER(G13),G13<3),"FEWER THAN THREE CHANCES",IF(COUNTIF(H13:J13,"yes")>=3,"VERIFIED","")))
G14: =IF(OR(NOT(ISNUMBER(E14)),NOT(ISNUMBER(F14))),"",ROUND((E14-TODAY())/365*F14,1)) | K14: =IF(B14="","",IF(AND(ISNUMBER(G14),G14<3),"FEWER THAN THREE CHANCES",IF(COUNTIF(H14:J14,"yes")>=3,"VERIFIED","")))
G15: =IF(OR(NOT(ISNUMBER(E15)),NOT(ISNUMBER(F15))),"",ROUND((E15-TODAY())/365*F15,1)) | K15: =IF(B15="","",IF(AND(ISNUMBER(G15),G15<3),"FEWER THAN THREE CHANCES",IF(COUNTIF(H15:J15,"yes")>=3,"VERIFIED","")))
G16: =IF(OR(NOT(ISNUMBER(E16)),NOT(ISNUMBER(F16))),"",ROUND((E16-TODAY())/365*F16,1)) | K16: =IF(B16="","",IF(AND(ISNUMBER(G16),G16<3),"FEWER THAN THREE CHANCES",IF(COUNTIF(H16:J16,"yes")>=3,"VERIFIED","")))
... G64: =IF(OR(NOT(ISNUMBER(E64)),NOT(ISNUMBER(F64))),"",ROUND((E64-TODAY())/365*F64,1)) | K64: =IF(B64="","",IF(AND(ISNUMBER(G64),G64<3),"FEWER THAN THREE CHANCES",IF(COUNTIF(H64:J64,"yes")>=3,"VERIFIED","")))
A65: END OF FORM—rows below this line are not included in any calculation
A67: If the difficult event happens twice a year and the person leaves in fourteen months, you have two chances. That is arithmetic, not a preference, and it belongs in front of whoever owns the production plan on the day notice is given—not in a quality file in the last month.

Sheet Form 21 Transition
A1: TRANSITION GAP ANALYSIS
A2: Four verdicts and nothing else. If it will not print on two pages you are writing a document.
A4: Ref | B4: Difference from what we do now | C4: Verdict | D4: Action | E4: Owner | F4: Date | G4: Flag
G5: =IF(B5="","",IF(C5="","NO VERDICT",IF(AND(LEFT(C5,8)="not done",OR(E5="",F5="")),"NO OWNER OR DATE","")))
G6: =IF(B6="","",IF(C6="","NO VERDICT",IF(AND(LEFT(C6,8)="not done",OR(E6="",F6="")),"NO OWNER OR DATE","")))
G7: =IF(B7="","",IF(C7="","NO VERDICT",IF(AND(LEFT(C7,8)="not done",OR(E7="",F7="")),"NO OWNER OR DATE","")))
G8: =IF(B8="","",IF(C8="","NO VERDICT",IF(AND(LEFT(C8,8)="not done",OR(E8="",F8="")),"NO OWNER OR DATE","")))
G9: =IF(B9="","",IF(C9="","NO VERDICT",IF(AND(LEFT(C9,8)="not done",OR(E9="",F9="")),"NO OWNER OR DATE","")))
G10: =IF(B10="","",IF(C10="","NO VERDICT",IF(AND(LEFT(C10,8)="not done",OR(E10="",F10="")),"NO OWNER OR DATE","")))
G11: =IF(B11="","",IF(C11="","NO VERDICT",IF(AND(LEFT(C11,8)="not done",OR(E11="",F11="")),"NO OWNER OR DATE","")))
G12: =IF(B12="","",IF(C12="","NO VERDICT",IF(AND(LEFT(C12,8)="not done",OR(E12="",F12="")),"NO OWNER OR DATE","")))
G13: =IF(B13="","",IF(C13="","NO VERDICT",IF(AND(LEFT(C13,8)="not done",OR(E13="",F13="")),"NO OWNER OR DATE","")))
G14: =IF(B14="","",IF(C14="","NO VERDICT",IF(AND(LEFT(C14,8)="not done",OR(E14="",F14="")),"NO OWNER OR DATE","")))
G15: =IF(B15="","",IF(C15="","NO VERDICT",IF(AND(LEFT(C15,8)="not done",OR(E15="",F15="")),"NO OWNER OR DATE","")))
G16: =IF(B16="","",IF(C16="","NO VERDICT",IF(AND(LEFT(C16,8)="not done",OR(E16="",F16="")),"NO OWNER OR DATE","")))
... G44: =IF(B44="","",IF(C44="","NO VERDICT",IF(AND(LEFT(C44,8)="not done",OR(E44="",F44="")),"NO OWNER OR DATE","")))
A45: END OF FORM—rows below this line are not included in any calculation

Sheet Dashboard
A1: SUPPLIER AND KNOWLEDGE DASHBOARD
A2: Calculated live from the forms. Nothing on this sheet is typed.
A4: SUPPLIERS | C4: CRITICAL, UNASSESSED | E4: EXPIRED CERTIFICATES | G4: KNOWLEDGE ITEMS | I4: TOO FEW CHANCES
A5: =COUNTA('Form 17 Supplier Ranking'!B5:B64) | C5: =COUNTIF('Form 17 Supplier Ranking'!H5:H64,"CRITICAL*") | E5: =COUNTIF('Form 17 Supplier Ranking'!H5:H64,"CERTIFICATE*") | G5: =COUNTA('Form 19 Knowledge Inventory'!C5:C204) | I5: =COUNTIF('Form 20 Transfer Tracker'!K5:K64,"FEWER*")
A7: on the list | C7: should be zero | E7: should be zero | G7: recorded | I7: transfers at risk
A42: Three numbers should read zero: critical suppliers never assessed, expired certificates, and transfers with fewer than three chances. The first two are free to fix and one of them cost Norwood twenty-five months of holding evidence that was not true. The knowledge chart is the fourth reading: if nothing sits in ‘will not transfer’, the inventory has not been done honestly.
A46: CHART SOURCE DATA—calculated, do not overwrite
A47: Knowledge category | B47: Items
A48: will not transfer | B48: =COUNTIF('Form 19 Knowledge Inventory'!$D$5:$D$204,"will not transfer")
A49: apprenticeship | B49: =COUNTIF('Form 19 Knowledge Inventory'!$D$5:$D$204,"apprenticeship")
A50: to be engineered out | B50: =COUNTIF('Form 19 Knowledge Inventory'!$D$5:$D$204,"to be engineered out")
A51: to be documented | B51: =COUNTIF('Form 19 Knowledge Inventory'!$D$5:$D$204,"to be documented")
A52: already documented | B52: =COUNTIF('Form 19 Knowledge Inventory'!$D$5:$D$204,"already documented")
A54: How long could we ship? | B54: Suppliers
A55: indefinitely | B55: =COUNTIF('Form 17 Supplier Ranking'!$E$5:$E$64,"indefinitely")
A56: over a year | B56: =COUNTIF('Form 17 Supplier Ranking'!$E$5:$E$64,"over a year")
A57: 3-12 months | B57: =COUNTIF('Form 17 Supplier Ranking'!$E$5:$E$64,"3-12 months")
A58: 1-3 months | B58: =COUNTIF('Form 17 Supplier Ranking'!$E$5:$E$64,"1-3 months")
A59: 2-4 weeks | B59: =COUNTIF('Form 17 Supplier Ranking'!$E$5:$E$64,"2-4 weeks")
A60: days | B60: =COUNTIF('Form 17 Supplier Ranking'!$E$5:$E$64,"days")
A62: Transition verdict | B62: Items
A63: already done | B63: =COUNTIF('Form 21 Transition'!$C$5:$C$44,"already done")
A64: done not evidenced | B64: =COUNTIF('Form 21 Transition'!$C$5:$C$44,"done not evidenced")
A65: not done low effort | B65: =COUNTIF('Form 21 Transition'!$C$5:$C$44,"not done low effort")
A66: not done real work | B66: =COUNTIF('Form 21 Transition'!$C$5:$C$44,"not done real work")

Sheet EXAMPLE A Single-source foundry
A1: EXAMPLE A SINGLE-SOURCE FOUNDRY
A2: Worked assessment from Part Four of the book. Read, do not edit.
A4: Supply | B4: Cast-iron housings. 90 percent of Norwood’s castings. Never assessed on site since 2016.
A6: We are % of their output | B6: 4%
A7: They are % of our supply | B7: 90%
A8: Consequence | B8: Production stops in eleven days
A9: Certificate on file | B9: Expired 25 months ago. Reissued 2024, never sent, never asked for.
A10: Single points | B10: One molding line capable of this casting size. Eleven customers queue behind it.
A11: Site | B11: Valley, second flood category. Pattern relocation happened in 2019, took 11 hours, undocumented.
A12: Agreed | B12: Written pattern relocation procedure, copy held by Norwood. Certificate and hardness data to a named person on reissue.
A13: Not agreed | B13: A second molding line, flood defense, a change of site. Not available to a customer at 4 percent.
A14: Residual risk | B14: Single source retained. Owner: operations. Trigger: ownership or site change, any interruption over 5 days, or 12 months.

Sheet EXAMPLE B Distributor
A1: EXAMPLE B DISTRIBUTOR
A2: Worked assessment from Part Four of the book. Read, do not edit.
A4: Supply | B4: Seals, fasteners, hydraulic fittings. Eleven part numbers, low value, high consequence.
A6: Why now | B6: Supplier bought and moved site 19 months ago. Found by a standing agenda item, not by an audit.
A7: The only three questions | B7: Do you know who made this? Do you ever change them? What do you do with the certificates?
A8: Found | B8: 11 part numbers, 9 with a named manufacturer. 2 with none—both seals, both on the pressure test boundary.
A9: Substitution policy | B9: None written. Practice: they substitute equivalents and notify on the delivery note.
A10: The actual finding | B10: At Norwood. The delivery note is checked for quantity and read by nobody.
A11: Outcome | B11: 2 part numbers moved to a manufacturer’s certificate. Substitution clause in the PO text. Receiving instruction to read the note for changes.
A12: Cost | B12: One afternoon. Closed a route by which an unknown seal could reach a pressure boundary.

Sheet EXAMPLE C Calibration house
A1: EXAMPLE C CALIBRATION HOUSE
A2: Worked assessment from Part Four of the book. Read, do not edit.
A4: Supply | B4: Calibration of all measuring equipment. About £4,000 a year. Never assessed in eleven years.
A6: Spend rank | B6: 11 of 11
A7: Consequence rank | B7: 2 of 11. No release of product 30 days after they stop.
A8: The number | B8: Personnel qualified to calibrate the two gauge types Norwood depends on: 1
A9: Him | B9: There since 2004, the owner’s brother-in-law, fifty-six.
A10: Agreed | B10: A second calibration house identified and issued with one gauge type as a trial, about £600 a year.
A11: Not agreed | B11: Training a second person. Not something a £4,000 customer can ask of a four-person business.
A12: Residual risk | B12: Recorded and owned. Trigger: any change of personnel at the supplier, any delay beyond 10 working days, or 12 months.

Sheet About
B6: THE NORWOOD FILES
B7: Companion to Part Four
B9: Document code: NF-CW4 · Identity: NBSM v1.0 · Baseline: RC-Rev9 · Issued 29 August 2026
B11: This workbook is part of The Norwood Files ecosystem — business novels and working instruments for the people who run quality in manufacturing, written for ISO 9001 and current to the 2026 edition.
B13: The Register Mark — one line, one red square: the process, and the record found in it. In every Norwood chart and register, red means exactly one thing: the finding.
B15: Cell conventions: blue text = your inputs · black = calculated · yellow fill = attention · red ■ = fired trigger/finding.
B17: Controlled document. Changes to this instrument follow the Norwood Brand Standards Manual Part XII and NF-ECP 4.6.
